{
  "bindings": [
    {
      "name": "req",
      "authLevel": "anonymous",
      "methods": [
        "get",
        "post"
      ],
      "direction": "in",
      "type": "httpTrigger"
    },
    {
      "name": "$return",
      "type": "http",
      "direction": "out"
    },
    {
      "name": "inputTable",
      "direction": "in",
      "type": "table",
      "tableName": "FinalYearTable",
      "take": 50,
      "connection": "csb100320011365a98f_STORAGE"
    }
  ]
}